Detector Type,Descriptor Type,TTC Lidar, TTC Camera,diff
SHITOMASI,BRISK,12.2891,13.2738,0.9847
SHITOMASI,BRISK,13.3547,12.186,1.1687
SHITOMASI,BRISK,16.3845,12.4843,3.9002
SHITOMASI,BRISK,14.0764,13.5338,0.5426
SHITOMASI,BRISK,12.7299,12.6602,0.069700000000001
SHITOMASI,BRISK,13.7511,12.9568,0.7943
SHITOMASI,BRISK,13.7314,15.0311,1.2997
SHITOMASI,BRISK,13.7901,11.6354,2.1547
SHITOMASI,BRISK,12.059,12.4906,0.431600000000001
SHITOMASI,BRISK,11.8642,11.7451,0.1191
SHITOMASI,BRISK,11.9682,12.1722,0.204000000000001
SHITOMASI,BRISK,9.88711,12.0293,2.14219
SHITOMASI,BRISK,9.42504,13.6077,4.18266
SHITOMASI,BRISK,9.30215,12.725,3.42285
SHITOMASI,BRISK,8.3212,12.8085,4.4873
SHITOMASI,BRISK,8.89867,9.73454,0.835870000000002
SHITOMASI,BRISK,11.0301,12.677,1.6469
SHITOMASI,BRISK,8.53557,10.7133,2.17773
SHITOMASI,BRIEF,12.2891,13.0861,0.797000000000001
SHITOMASI,BRIEF,13.3547,13.8102,0.455500000000001
SHITOMASI,BRIEF,16.3845,11.0783,5.3062
SHITOMASI,BRIEF,14.0764,12.9702,1.1062
SHITOMASI,BRIEF,12.7299,12.1074,0.622500000000001
SHITOMASI,BRIEF,13.7511,12.4359,1.3152
SHITOMASI,BRIEF,13.7314,13.6717,0.059700000000001
SHITOMASI,BRIEF,13.7901,11.2653,2.5248
SHITOMASI,BRIEF,12.059,11.3645,0.6945
SHITOMASI,BRIEF,11.8642,11.8697,0.0055
SHITOMASI,BRIEF,11.9682,12.1794,0.2112
SHITOMASI,BRIEF,9.88711,10.6,0.71289
SHITOMASI,BRIEF,9.42504,12.5068,3.08176
SHITOMASI,BRIEF,9.30215,11.1071,1.80495
SHITOMASI,BRIEF,8.3212,12.8595,4.5383
SHITOMASI,BRIEF,8.89867,11.5882,2.68953
SHITOMASI,BRIEF,11.0301,8.47574,2.55436
SHITOMASI,BRIEF,8.53557,8.93181,0.396240000000001
SHITOMASI,ORB,12.2891,12.1206,0.1685
SHITOMASI,ORB,13.3547,12.9008,0.453899999999999
SHITOMASI,ORB,16.3845,12.6942,3.6903
SHITOMASI,ORB,14.0764,12.5963,1.4801
SHITOMASI,ORB,12.7299,12.2187,0.511200000000001
SHITOMASI,ORB,13.7511,13.1082,0.642899999999999
SHITOMASI,ORB,13.7314,14.2557,0.5243
SHITOMASI,ORB,13.7901,11.847,1.9431
SHITOMASI,ORB,12.059,11.3249,0.7341
SHITOMASI,ORB,11.8642,13.203,1.3388
SHITOMASI,ORB,11.9682,11.494,0.4742
SHITOMASI,ORB,9.88711,11.8924,2.00529
SHITOMASI,ORB,9.42504,12.803,3.37796
SHITOMASI,ORB,9.30215,12.3379,3.03575
SHITOMASI,ORB,8.3212,11.322,3.0008
SHITOMASI,ORB,8.89867,13.5461,4.64743
SHITOMASI,ORB,11.0301,11.7341,0.704000000000001
SHITOMASI,ORB,8.53557,10.3618,1.82623
SHITOMASI,FREAK,12.2891,13.6067,1.3176
SHITOMASI,FREAK,13.3547,12.6378,0.716899999999999
SHITOMASI,FREAK,16.3845,12.4249,3.9596
SHITOMASI,FREAK,14.0764,13.7589,0.317499999999999
SHITOMASI,FREAK,12.7299,11.9996,0.7303
SHITOMASI,FREAK,13.7511,13.8319,0.080800000000002
SHITOMASI,FREAK,13.7314,13.0836,0.6478
SHITOMASI,FREAK,13.7901,12.479,1.3111
SHITOMASI,FREAK,12.059,11.9735,0.0855
SHITOMASI,FREAK,11.8642,13.889,2.0248
SHITOMASI,FREAK,11.9682,12.0367,0.0685
SHITOMASI,FREAK,9.88711,11.5256,1.63849
SHITOMASI,FREAK,9.42504,12.9306,3.50556
SHITOMASI,FREAK,9.30215,11.5998,2.29765
SHITOMASI,FREAK,8.3212,8.69538,0.374180000000001
SHITOMASI,FREAK,8.89867,9.10914,0.210470000000001
SHITOMASI,FREAK,11.0301,12.6391,1.609
SHITOMASI,FREAK,8.53557,6.24073,2.29484
SHITOMASI,SIFT,12.2891,12.6214,0.3323
SHITOMASI,SIFT,13.3547,13.0114,0.343299999999999
SHITOMASI,SIFT,16.3845,11.6934,4.6911
SHITOMASI,SIFT,14.0764,12.1934,1.883
SHITOMASI,SIFT,12.7299,12.0656,0.664300000000001
SHITOMASI,SIFT,13.7511,12.8573,0.893799999999999
SHITOMASI,SIFT,13.7314,12.6612,1.0702
SHITOMASI,SIFT,13.7901,12.1185,1.6716
SHITOMASI,SIFT,12.059,11.6077,0.4513
SHITOMASI,SIFT,11.8642,12.8514,0.9872
SHITOMASI,SIFT,11.9682,11.3267,0.641499999999999
SHITOMASI,SIFT,9.88711,11.848,1.96089
SHITOMASI,SIFT,9.42504,12.5595,3.13446
SHITOMASI,SIFT,9.30215,11.7236,2.42145
SHITOMASI,SIFT,8.3212,10.3753,2.0541
SHITOMASI,SIFT,8.89867,11.0637,2.16503
SHITOMASI,SIFT,11.0301,12.4084,1.3783
SHITOMASI,SIFT,8.53557,10.7642,2.22863
HARRIS,BRISK,12.2891,12.5115,0.2224
HARRIS,BRISK,13.3547,10.846,2.5087
HARRIS,BRISK,16.3845,12.5469,3.8376
HARRIS,BRISK,14.0764,12.9602,1.1162
HARRIS,BRISK,12.7299,12.5715,0.1584
HARRIS,BRISK,13.7511,12.1467,1.6044
HARRIS,BRISK,13.7314,17.5527,3.8213
HARRIS,BRISK,13.7901,13.0324,0.7577
HARRIS,BRISK,12.059,12.6681,0.609100000000002
HARRIS,BRISK,11.8642,13.0515,1.1873
HARRIS,BRISK,11.9682,13.0842,1.116
HARRIS,BRISK,9.88711,12.2258,2.33869
HARRIS,BRISK,9.42504,13.0123,3.58726
HARRIS,BRISK,9.30215,12.1074,2.80525
HARRIS,BRISK,8.3212,nan,#VALUE!
HARRIS,BRISK,8.89867,13.9876,5.08893
HARRIS,BRISK,11.0301,8.89196,2.13814
HARRIS,BRISK,8.53557,14.1393,5.60373
HARRIS,BRIEF,12.2891,11.9008,0.388299999999999
HARRIS,BRIEF,13.3547,11.2603,2.0944
HARRIS,BRIEF,16.3845,13.3461,3.0384
HARRIS,BRIEF,14.0764,13.7344,0.341999999999999
HARRIS,BRIEF,12.7299,11.654,1.0759
HARRIS,BRIEF,13.7511,11.2431,2.508
HARRIS,BRIEF,13.7314,16.0508,2.3194
HARRIS,BRIEF,13.7901,11.2383,2.5518
HARRIS,BRIEF,12.059,12.6147,0.5557
HARRIS,BRIEF,11.8642,12.7931,0.928900000000001
HARRIS,BRIEF,11.9682,12.8,0.831800000000001
HARRIS,BRIEF,9.88711,7.70589,2.18122
HARRIS,BRIEF,9.42504,11.6118,2.18676
HARRIS,BRIEF,9.30215,11.7417,2.43955
HARRIS,BRIEF,8.3212,10.2628,1.9416
HARRIS,BRIEF,8.89867,12.84,3.94133
HARRIS,BRIEF,11.0301,11.7562,0.726100000000001
HARRIS,BRIEF,8.53557,13.6117,5.07613
HARRIS,ORB,12.2891,11.3,0.989099999999999
HARRIS,ORB,13.3547,11.6629,1.6918
HARRIS,ORB,16.3845,12.299,4.0855
HARRIS,ORB,14.0764,13.1518,0.9246
HARRIS,ORB,12.7299,12.5715,0.1584
HARRIS,ORB,13.7511,-inf,#VALUE!
HARRIS,ORB,13.7314,13.4837,0.2477
HARRIS,ORB,13.7901,13.5015,0.288600000000001
HARRIS,ORB,12.059,13.4967,1.4377
HARRIS,ORB,11.8642,13.3261,1.4619
HARRIS,ORB,11.9682,12.1343,0.1661
HARRIS,ORB,9.88711,13.2272,3.34009
HARRIS,ORB,9.42504,13.2916,3.86656
HARRIS,ORB,9.30215,11.7063,2.40415
HARRIS,ORB,8.3212,9.22735,0.90615
HARRIS,ORB,8.89867,13.9603,5.06163
HARRIS,ORB,11.0301,7.17112,3.85898
HARRIS,ORB,8.53557,13.8354,5.29983
HARRIS,FREAK,12.2891,12.7316,0.442500000000001
HARRIS,FREAK,13.3547,11.2603,2.0944
HARRIS,FREAK,16.3845,12.0863,4.2982
HARRIS,FREAK,14.0764,13.1701,0.9063
HARRIS,FREAK,12.7299,11.9519,0.778000000000001
HARRIS,FREAK,13.7511,-inf,#VALUE!
HARRIS,FREAK,13.7314,12.951,0.7804
HARRIS,FREAK,13.7901,11.8463,1.9438
HARRIS,FREAK,12.059,11.9434,0.115599999999999
HARRIS,FREAK,11.8642,13.6902,1.826
HARRIS,FREAK,11.9682,12.4651,0.4969
HARRIS,FREAK,9.88711,10.8106,0.923490000000001
HARRIS,FREAK,9.42504,14.6236,5.19856
HARRIS,FREAK,9.30215,13.2623,3.96015
HARRIS,FREAK,8.3212,11.0009,2.6797
HARRIS,FREAK,8.89867,10.2486,1.34993
HARRIS,FREAK,11.0301,11.5417,0.511600000000001
HARRIS,FREAK,8.53557,12.1867,3.65113
HARRIS,SIFT,12.2891,11.7153,0.5738
HARRIS,SIFT,13.3547,10.5981,2.7566
HARRIS,SIFT,16.3845,12.5469,3.8376
HARRIS,SIFT,14.0764,13.0782,0.998199999999999
HARRIS,SIFT,12.7299,11.1863,1.5436
HARRIS,SIFT,13.7511,13.0714,0.679699999999999
HARRIS,SIFT,13.7314,13.4223,0.309100000000001
HARRIS,SIFT,13.7901,12.264,1.5261
HARRIS,SIFT,12.059,12.0367,0.0223
HARRIS,SIFT,11.8642,12.3841,0.5199
HARRIS,SIFT,11.9682,12.0767,0.108500000000001
HARRIS,SIFT,9.88711,12.269,2.38189
HARRIS,SIFT,9.42504,12.5802,3.15516
HARRIS,SIFT,9.30215,11.9797,2.67755
HARRIS,SIFT,8.3212,8.22875,0.09245
HARRIS,SIFT,8.89867,10.3675,1.46883
HARRIS,SIFT,11.0301,11.4262,0.396100000000001
HARRIS,SIFT,8.53557,12.0094,3.47383
FAST,BRISK,12.2891,13.8117,1.5226
FAST,BRISK,13.3547,12.5153,0.8394
FAST,BRISK,16.3845,12.7426,3.6419
FAST,BRISK,14.0764,12.6562,1.4202
FAST,BRISK,12.7299,11.1729,1.557
FAST,BRISK,13.7511,12.1418,1.6093
FAST,BRISK,13.7314,11.7063,2.0251
FAST,BRISK,13.7901,11.9826,1.8075
FAST,BRISK,12.059,11.8009,0.258099999999999
FAST,BRISK,11.8642,10.645,1.2192
FAST,BRISK,11.9682,12.3578,0.3896
FAST,BRISK,9.88711,12.4648,2.57769
FAST,BRISK,9.42504,12.8125,3.38746
FAST,BRISK,9.30215,12.1033,2.80115
FAST,BRISK,8.3212,13.0837,4.7625
FAST,BRISK,8.89867,12.1046,3.20593
FAST,BRISK,11.0301,7.31972,3.71038
FAST,BRISK,8.53557,12.8987,4.36313
FAST,BRIEF,12.2891,10.0637,2.2254
FAST,BRIEF,13.3547,11.941,1.4137
FAST,BRIEF,16.3845,11.7727,4.6118
FAST,BRIEF,14.0764,12.6321,1.4443
FAST,BRIEF,12.7299,17.2315,4.5016
FAST,BRIEF,13.7511,11.5712,2.1799
FAST,BRIEF,13.7314,10.9736,2.7578
FAST,BRIEF,13.7901,12.3643,1.4258
FAST,BRIEF,12.059,12.4972,0.4382
FAST,BRIEF,11.8642,12.5168,0.6526
FAST,BRIEF,11.9682,13.5011,1.5329
FAST,BRIEF,9.88711,12.1704,2.28329
FAST,BRIEF,9.42504,13.0273,3.60226
FAST,BRIEF,9.30215,11.488,2.18585
FAST,BRIEF,8.3212,12.2084,3.8872
FAST,BRIEF,8.89867,11.5256,2.62693
FAST,BRIEF,11.0301,10.4317,0.5984
FAST,BRIEF,8.53557,10.1238,1.58823
FAST,ORB,12.2891,11.2876,1.0015
FAST,ORB,13.3547,12.6791,0.675599999999999
FAST,ORB,16.3845,13.0991,3.2854
FAST,ORB,14.0764,12.6321,1.4443
FAST,ORB,12.7299,13.0634,0.333499999999999
FAST,ORB,13.7511,12.5964,1.1547
FAST,ORB,13.7314,11.3027,2.4287
FAST,ORB,13.7901,11.3432,2.4469
FAST,ORB,12.059,11.9637,0.0953
FAST,ORB,11.8642,12.5694,0.7052
FAST,ORB,11.9682,13.1,1.1318
FAST,ORB,9.88711,13.258,3.37089
FAST,ORB,9.42504,13.103,3.67796
FAST,ORB,9.30215,12.6702,3.36805
FAST,ORB,8.3212,12.4008,4.0796
FAST,ORB,8.89867,12.7549,3.85623
FAST,ORB,11.0301,7.73072,3.29938
FAST,ORB,8.53557,12.2287,3.69313
FAST,FREAK,12.2891,11.9301,0.359
FAST,FREAK,13.3547,11.7818,1.5729
FAST,FREAK,16.3845,16.1466,0.2379
FAST,FREAK,14.0764,13.1441,0.9323
FAST,FREAK,12.7299,11.9602,0.7697
FAST,FREAK,13.7511,12.0086,1.7425
FAST,FREAK,13.7314,11.712,2.0194
FAST,FREAK,13.7901,12.5287,1.2614
FAST,FREAK,12.059,14.534,2.475
FAST,FREAK,11.8642,14.5103,2.6461
FAST,FREAK,11.9682,13.6459,1.6777
FAST,FREAK,9.88711,12.4289,2.54179
FAST,FREAK,9.42504,13.103,3.67796
FAST,FREAK,9.30215,12.1132,2.81105
FAST,FREAK,8.3212,12.8936,4.5724
FAST,FREAK,8.89867,12.1996,3.30093
FAST,FREAK,11.0301,11.9157,0.8856
FAST,FREAK,8.53557,11.7492,3.21363
FAST,SIFT,12.2891,12.3541,0.065000000000001
FAST,SIFT,13.3547,12.7571,0.5976
FAST,SIFT,16.3845,12.8214,3.5631
FAST,SIFT,14.0764,12.6321,1.4443
FAST,SIFT,12.7299,13.0459,0.315999999999999
FAST,SIFT,13.7511,12.3176,1.4335
FAST,SIFT,13.7314,11.9033,1.8281
FAST,SIFT,13.7901,12.0675,1.7226
FAST,SIFT,12.059,13.2752,1.2162
FAST,SIFT,11.8642,13.2683,1.4041
FAST,SIFT,11.9682,12.9509,0.982700000000001
FAST,SIFT,9.88711,12.273,2.38589
FAST,SIFT,9.42504,13.403,3.97796
FAST,SIFT,9.30215,11.9191,2.61695
FAST,SIFT,8.3212,11.3421,3.0209
FAST,SIFT,8.89867,10.7037,1.80503
FAST,SIFT,11.0301,10.3629,0.667199999999999
FAST,SIFT,8.53557,12.0044,3.46883
BRISK,BRISK,12.2891,14.3346,2.0455
BRISK,BRISK,13.3547,22.9422,9.5875
BRISK,BRISK,16.3845,13.6421,2.7424
BRISK,BRISK,14.0764,13.8129,0.263499999999999
BRISK,BRISK,12.7299,26.4305,13.7006
BRISK,BRISK,13.7511,16.931,3.1799
BRISK,BRISK,13.7314,14.7751,1.0437
BRISK,BRISK,13.7901,13.1829,0.607200000000001
BRISK,BRISK,12.059,13.9642,1.9052
BRISK,BRISK,11.8642,10.8782,0.986000000000001
BRISK,BRISK,11.9682,13.0458,1.0776
BRISK,BRISK,9.88711,12.239,2.35189
BRISK,BRISK,9.42504,10.8728,1.44776
BRISK,BRISK,9.30215,14.3028,5.00065
BRISK,BRISK,8.3212,11.4379,3.1167
BRISK,BRISK,8.89867,11.4475,2.54883
BRISK,BRISK,11.0301,10.0049,1.0252
BRISK,BRISK,8.53557,13.761,5.22543
BRISK,BRIEF,12.2891,10.9213,1.3678
BRISK,BRIEF,13.3547,15.3406,1.9859
BRISK,BRIEF,16.3845,10.8525,5.532
BRISK,BRIEF,14.0764,22.7733,8.6969
BRISK,BRIEF,12.7299,15.0432,2.3133
BRISK,BRIEF,13.7511,15.2067,1.4556
BRISK,BRIEF,13.7314,13.7324,0.000999999999999
BRISK,BRIEF,13.7901,18.1081,4.318
BRISK,BRIEF,12.059,14.8539,2.7949
BRISK,BRIEF,11.8642,9.86778,1.99642
BRISK,BRIEF,11.9682,13.7368,1.7686
BRISK,BRIEF,9.88711,12.1969,2.30979
BRISK,BRIEF,9.42504,11.8439,2.41886
BRISK,BRIEF,9.30215,10.991,1.68885
BRISK,BRIEF,8.3212,10.304,1.9828
BRISK,BRIEF,8.89867,12.0195,3.12083
BRISK,BRIEF,11.0301,10.7936,0.236499999999999
BRISK,BRIEF,8.53557,9.03165,0.496080000000001
BRISK,ORB,12.2891,11.326,0.963099999999999
BRISK,ORB,13.3547,19.5613,6.2066
BRISK,ORB,16.3845,12.703,3.6815
BRISK,ORB,14.0764,13.4645,0.6119
BRISK,ORB,12.7299,17.7069,4.977
BRISK,ORB,13.7511,22.5228,8.7717
BRISK,ORB,13.7314,14.9658,1.2344
BRISK,ORB,13.7901,16.6388,2.8487
BRISK,ORB,12.059,14.3519,2.2929
BRISK,ORB,11.8642,10.5413,1.3229
BRISK,ORB,11.9682,14.0111,2.0429
BRISK,ORB,9.88711,12.3942,2.50709
BRISK,ORB,9.42504,11.1347,1.70966
BRISK,ORB,9.30215,14.9662,5.66405
BRISK,ORB,8.3212,10.1425,1.8213
BRISK,ORB,8.89867,11.9173,3.01863
BRISK,ORB,11.0301,9.65029,1.37981
BRISK,ORB,8.53557,15.7463,7.21073
BRISK,FREAK,12.2891,11.4638,0.825299999999999
BRISK,FREAK,13.3547,21.7152,8.3605
BRISK,FREAK,16.3845,10.6889,5.6956
BRISK,FREAK,14.0764,14.5804,0.504000000000001
BRISK,FREAK,12.7299,17.321,4.5911
BRISK,FREAK,13.7511,12.7322,1.0189
BRISK,FREAK,13.7314,10.919,2.8124
BRISK,FREAK,13.7901,13.7901,0
BRISK,FREAK,12.059,16.9709,4.9119
BRISK,FREAK,11.8642,11.9582,0.094
BRISK,FREAK,11.9682,14.6574,2.6892
BRISK,FREAK,9.88711,11.2184,1.33129
BRISK,FREAK,9.42504,13.2237,3.79866
BRISK,FREAK,9.30215,10.114,0.811850000000002
BRISK,FREAK,8.3212,14.1957,5.8745
BRISK,FREAK,8.89867,10.8041,1.90543
BRISK,FREAK,11.0301,9.94683,1.08327
BRISK,FREAK,8.53557,12.3167,3.78113
BRISK,SIFT,12.2891,13.8679,1.5788
BRISK,SIFT,13.3547,17.9953,4.6406
BRISK,SIFT,16.3845,14.5313,1.8532
BRISK,SIFT,14.0764,15.0851,1.0087
BRISK,SIFT,12.7299,33.5722,20.8423
BRISK,SIFT,13.7511,19.6336,5.8825
BRISK,SIFT,13.7314,15.2348,1.5034
BRISK,SIFT,13.7901,14.6625,0.872399999999999
BRISK,SIFT,12.059,13.647,1.588
BRISK,SIFT,11.8642,11.6097,0.2545
BRISK,SIFT,11.9682,12.7305,0.7623
BRISK,SIFT,9.88711,11.024,1.13689
BRISK,SIFT,9.42504,11.1774,1.75236
BRISK,SIFT,9.30215,10.22,0.917850000000001
BRISK,SIFT,8.3212,10.1581,1.8369
BRISK,SIFT,8.89867,14.9417,6.04303
BRISK,SIFT,11.0301,11.1233,0.093200000000001
BRISK,SIFT,8.53557,14.0302,5.49463
ORB,BRISK,12.2891,11.0758,1.2133
ORB,BRISK,13.3547,11.1036,2.2511
ORB,BRISK,16.3845,31.5313,15.1468
ORB,BRISK,14.0764,11.2833,2.7931
ORB,BRISK,12.7299,79.3232,66.5933
ORB,BRISK,13.7511,7.13793,6.61317
ORB,BRISK,13.7314,8.92814,4.80326
ORB,BRISK,13.7901,10.4367,3.3534
ORB,BRISK,12.059,14.8221,2.7631
ORB,BRISK,11.8642,10.8822,0.981999999999999
ORB,BRISK,11.9682,7.52121,4.44699
ORB,BRISK,9.88711,-inf,#VALUE!
ORB,BRISK,9.42504,21.4216,11.99656
ORB,BRISK,9.30215,11.3527,2.05055
ORB,BRISK,8.3212,31.0397,22.7185
ORB,BRISK,8.89867,36.1547,27.25603
ORB,BRISK,11.0301,18.7061,7.676
ORB,BRISK,8.53557,50.0669,41.53133
ORB,BRIEF,12.2891,16.5073,4.2182
ORB,BRIEF,13.3547,9.7741,3.5806
ORB,BRIEF,16.3845,9.75076,6.63374
ORB,BRIEF,14.0764,11.1446,2.9318
ORB,BRIEF,12.7299,49.9115,37.1816
ORB,BRIEF,13.7511,nan,#VALUE!
ORB,BRIEF,13.7314,nan,#VALUE!
ORB,BRIEF,13.7901,-inf,#VALUE!
ORB,BRIEF,12.059,66.1635,54.1045
ORB,BRIEF,11.8642,63.5468,51.6826
ORB,BRIEF,11.9682,15.0858,3.1176
ORB,BRIEF,9.88711,24.4668,14.57969
ORB,BRIEF,9.42504,15.5928,6.16776
ORB,BRIEF,9.30215,9.99925,0.697100000000001
ORB,BRIEF,8.3212,13.0251,4.7039
ORB,BRIEF,8.89867,10.0494,1.15073
ORB,BRIEF,11.0301,11.5794,0.549300000000001
ORB,BRIEF,8.53557,12.7433,4.20773
ORB,ORB,12.2891,-inf,#VALUE!
ORB,ORB,13.3547,9.54203,3.81267
ORB,ORB,16.3845,12.0957,4.2888
ORB,ORB,14.0764,-inf,#VALUE!
ORB,ORB,12.7299,30.1357,17.4058
ORB,ORB,13.7511,-inf,#VALUE!
ORB,ORB,13.7314,-inf,#VALUE!
ORB,ORB,13.7901,18.3743,4.5842
ORB,ORB,12.059,-inf,#VALUE!
ORB,ORB,11.8642,11.4759,0.388300000000001
ORB,ORB,11.9682,9.34128,2.62692
ORB,ORB,9.88711,-inf,#VALUE!
ORB,ORB,9.42504,-inf,#VALUE!
ORB,ORB,9.30215,-inf,#VALUE!
ORB,ORB,8.3212,-inf,#VALUE!
ORB,ORB,8.89867,26.3083,17.40963
ORB,ORB,11.0301,21.8692,10.8391
ORB,ORB,8.53557,24.8628,16.32723
ORB,FREAK,12.2891,12.1791,0.109999999999999
ORB,FREAK,13.3547,10.721,2.6337
ORB,FREAK,16.3845,11.5586,4.8259
ORB,FREAK,14.0764,10.8492,3.2272
ORB,FREAK,12.7299,16.2288,3.4989
ORB,FREAK,13.7511,-inf,#VALUE!
ORB,FREAK,13.7314,nan,#VALUE!
ORB,FREAK,13.7901,nan,#VALUE!
ORB,FREAK,12.059,18.3901,6.3311
ORB,FREAK,11.8642,10.8775,0.986700000000001
ORB,FREAK,11.9682,10.8181,1.1501
ORB,FREAK,9.88711,8.31342,1.57369
ORB,FREAK,9.42504,8.59036,0.834679999999999
ORB,FREAK,9.30215,10.8542,1.55205
ORB,FREAK,8.3212,nan,#VALUE!
ORB,FREAK,8.89867,10.4558,1.55713
ORB,FREAK,11.0301,6.42412,4.60598
ORB,FREAK,8.53557,5.48789,3.04768
ORB,SIFT,12.2891,9.83629,2.45281
ORB,SIFT,13.3547,20.4081,7.0534
ORB,SIFT,16.3845,12.0957,4.2888
ORB,SIFT,14.0764,16.1492,2.0728
ORB,SIFT,12.7299,-inf,#VALUE!
ORB,SIFT,13.7511,-inf,#VALUE!
ORB,SIFT,13.7314,-inf,#VALUE!
ORB,SIFT,13.7901,10.9911,2.799
ORB,SIFT,12.059,-inf,#VALUE!
ORB,SIFT,11.8642,11.1389,0.725300000000001
ORB,SIFT,11.9682,7.74874,4.21946
ORB,SIFT,9.88711,-inf,#VALUE!
ORB,SIFT,9.42504,11.5966,2.17156
ORB,SIFT,9.30215,-inf,#VALUE!
ORB,SIFT,8.3212,-inf,#VALUE!
ORB,SIFT,8.89867,16.8626,7.96393
ORB,SIFT,11.0301,19.2026,8.1725
ORB,SIFT,8.53557,19.8537,11.31813
AKAZE,BRISK,12.2891,11.6795,0.609599999999999
AKAZE,BRISK,13.3547,12.8195,0.5352
AKAZE,BRISK,16.3845,13.1886,3.1959
AKAZE,BRISK,14.0764,13.5135,0.562899999999999
AKAZE,BRISK,12.7299,13.6688,0.9389
AKAZE,BRISK,13.7511,12.9361,0.815
AKAZE,BRISK,13.7314,16.3005,2.5691
AKAZE,BRISK,13.7901,12.5576,1.2325
AKAZE,BRISK,12.059,13.4421,1.3831
AKAZE,BRISK,11.8642,11.7135,0.150700000000001
AKAZE,BRISK,11.9682,12.8309,0.8627
AKAZE,BRISK,9.88711,10.301,0.41389
AKAZE,BRISK,9.42504,10.2095,0.784460000000001
AKAZE,BRISK,9.30215,9.1727,0.129449999999999
AKAZE,BRISK,8.3212,9.61004,1.28884
AKAZE,BRISK,8.89867,9.45318,0.554510000000001
AKAZE,BRISK,11.0301,8.38733,2.64277
AKAZE,BRISK,8.53557,8.67077,0.135200000000001
AKAZE,BRIEF,12.2891,12.2744,0.0147
AKAZE,BRIEF,13.3547,12.8623,0.4924
AKAZE,BRIEF,16.3845,12.6871,3.6974
AKAZE,BRIEF,14.0764,12.9322,1.1442
AKAZE,BRIEF,12.7299,14.0342,1.3043
AKAZE,BRIEF,13.7511,12.2125,1.5386
AKAZE,BRIEF,13.7314,15.5446,1.8132
AKAZE,BRIEF,13.7901,13.485,0.305100000000001
AKAZE,BRIEF,12.059,11.7805,0.278499999999999
AKAZE,BRIEF,11.8642,11.3197,0.544500000000001
AKAZE,BRIEF,11.9682,12.1211,0.152900000000001
AKAZE,BRIEF,9.88711,10.6918,0.804690000000001
AKAZE,BRIEF,9.42504,11.5785,2.15346
AKAZE,BRIEF,9.30215,10.5035,1.20135
AKAZE,BRIEF,8.3212,9.38489,1.06369
AKAZE,BRIEF,8.89867,10.1629,1.26423
AKAZE,BRIEF,11.0301,9.13136,1.89874
AKAZE,BRIEF,8.53557,8.61124,0.075670000000001
AKAZE,ORB,12.2891,10.304,1.9851
AKAZE,ORB,13.3547,12.3227,1.032
AKAZE,ORB,16.3845,12.8375,3.547
AKAZE,ORB,14.0764,14.0895,0.0131
AKAZE,ORB,12.7299,12.9925,0.262599999999999
AKAZE,ORB,13.7511,12.8035,0.9476
AKAZE,ORB,13.7314,15.353,1.6216
AKAZE,ORB,13.7901,13.2898,0.500300000000001
AKAZE,ORB,12.059,10.7274,1.3316
AKAZE,ORB,11.8642,10.799,1.0652
AKAZE,ORB,11.9682,12.6451,0.6769
AKAZE,ORB,9.88711,10.4699,0.582790000000001
AKAZE,ORB,9.42504,12.2059,2.78086
AKAZE,ORB,9.30215,10.4876,1.18545
AKAZE,ORB,8.3212,9.62973,1.30853
AKAZE,ORB,8.89867,10.2783,1.37963
AKAZE,ORB,11.0301,9.81587,1.21423
AKAZE,ORB,8.53557,9.68886,1.15329
AKAZE,FREAK,12.2891,11.4796,0.8095
AKAZE,FREAK,13.3547,12.1967,1.158
AKAZE,FREAK,16.3845,12.7997,3.5848
AKAZE,FREAK,14.0764,13.3031,0.773299999999999
AKAZE,FREAK,12.7299,14.2426,1.5127
AKAZE,FREAK,13.7511,13.4991,0.251999999999999
AKAZE,FREAK,13.7314,16.0305,2.2991
AKAZE,FREAK,13.7901,12.8325,0.957600000000001
AKAZE,FREAK,12.059,11.7199,0.3391
AKAZE,FREAK,11.8642,11.0019,0.862300000000001
AKAZE,FREAK,11.9682,11.9807,0.012500000000001
AKAZE,FREAK,9.88711,10.8577,0.97059
AKAZE,FREAK,9.42504,12.4116,2.98656
AKAZE,FREAK,9.30215,10.2722,0.970050000000001
AKAZE,FREAK,8.3212,9.90787,1.58667
AKAZE,FREAK,8.89867,10.1458,1.24713
AKAZE,FREAK,11.0301,9.65304,1.37706
AKAZE,FREAK,8.53557,9.00608,0.470510000000001
AKAZE,SIFT,12.2891,11.9608,0.328299999999999
AKAZE,SIFT,13.3547,12.7577,0.597
AKAZE,SIFT,16.3845,12.9282,3.4563
AKAZE,SIFT,14.0764,13.4972,0.5792
AKAZE,SIFT,12.7299,14.7645,2.0346
AKAZE,SIFT,13.7511,14.7308,0.979700000000001
AKAZE,SIFT,13.7314,15.3295,1.5981
AKAZE,SIFT,13.7901,14.4647,0.6746
AKAZE,SIFT,12.059,12.5632,0.504200000000001
AKAZE,SIFT,11.8642,11.3915,0.4727
AKAZE,SIFT,11.9682,12.6669,0.698700000000001
AKAZE,SIFT,9.88711,10.528,0.640890000000001
AKAZE,SIFT,9.42504,10.9959,1.57086
AKAZE,SIFT,9.30215,10.9669,1.66475
AKAZE,SIFT,8.3212,9.89327,1.57207
AKAZE,SIFT,8.89867,10.4628,1.56413
AKAZE,SIFT,11.0301,9.88855,1.14155
AKAZE,SIFT,8.53557,8.35643,0.17914
SIFT,BRISK,12.2891,14.1476,1.8585
SIFT,BRISK,13.3547,13.6866,0.331900000000001
SIFT,BRISK,16.3845,13.8321,2.5524
SIFT,BRISK,14.0764,17.3334,3.257
SIFT,BRISK,12.7299,16.8322,4.1023
SIFT,BRISK,13.7511,12.0429,1.7082
SIFT,BRISK,13.7314,15.813,2.0816
SIFT,BRISK,13.7901,15.9459,2.1558
SIFT,BRISK,12.059,14.8782,2.8192
SIFT,BRISK,11.8642,11.0227,0.8415
SIFT,BRISK,11.9682,12.38,0.411800000000001
SIFT,BRISK,9.88711,11.5354,1.64829
SIFT,BRISK,9.42504,9.44756,0.02252
SIFT,BRISK,9.30215,9.00602,0.29613
SIFT,BRISK,8.3212,9.24533,0.92413
SIFT,BRISK,8.89867,9.20566,0.306990000000001
SIFT,BRISK,11.0301,8.54515,2.48495
SIFT,BRISK,8.53557,9.01234,0.47677
SIFT,BRIEF,12.2891,10.6655,1.6236
SIFT,BRIEF,13.3547,14.1004,0.745700000000001
SIFT,BRIEF,16.3845,13.7845,2.6
SIFT,BRIEF,14.0764,18.334,4.2576
SIFT,BRIEF,12.7299,12.0171,0.712800000000001
SIFT,BRIEF,13.7511,11.7444,2.0067
SIFT,BRIEF,13.7314,14.7171,0.9857
SIFT,BRIEF,13.7901,19.0236,5.2335
SIFT,BRIEF,12.059,13.5922,1.5332
SIFT,BRIEF,11.8642,11.8289,0.0353
SIFT,BRIEF,11.9682,12.8142,0.846
SIFT,BRIEF,9.88711,12.6975,2.81039
SIFT,BRIEF,9.42504,8.9941,0.43094
SIFT,BRIEF,9.30215,12.8088,3.50665
SIFT,BRIEF,8.3212,8.93654,0.615340000000002
SIFT,BRIEF,8.89867,8.73299,0.165679999999998
SIFT,BRIEF,11.0301,8.88338,2.14672
SIFT,BRIEF,8.53557,7.75463,0.78094
SIFT,FREAK,12.2891,10.1033,2.1858
SIFT,FREAK,13.3547,14.1004,0.745700000000001
SIFT,FREAK,16.3845,13.5965,2.788
SIFT,FREAK,14.0764,17.3078,3.2314
SIFT,FREAK,12.7299,12.4763,0.2536
SIFT,FREAK,13.7511,11.4788,2.2723
SIFT,FREAK,13.7314,14.9882,1.2568
SIFT,FREAK,13.7901,13.9303,0.1402
SIFT,FREAK,12.059,12.8294,0.7704
SIFT,FREAK,11.8642,11.5314,0.332800000000001
SIFT,FREAK,11.9682,12.9611,0.992900000000001
SIFT,FREAK,9.88711,11.3481,1.46099
SIFT,FREAK,9.42504,9.66124,0.2362
SIFT,FREAK,9.30215,12.6307,3.32855
SIFT,FREAK,8.3212,11.5896,3.2684
SIFT,FREAK,8.89867,8.80793,0.090739999999999
SIFT,FREAK,11.0301,8.85945,2.17065
SIFT,FREAK,8.53557,14.2338,5.69823
SIFT,SIFT,12.2891,10.2579,2.0312
SIFT,SIFT,13.3547,13.3705,0.015800000000001
SIFT,SIFT,16.3845,12.747,3.6375
SIFT,SIFT,14.0764,13.6855,0.3909
SIFT,SIFT,12.7299,12.2882,0.441700000000001
SIFT,SIFT,13.7511,11.2961,2.455
SIFT,SIFT,13.7314,13.8459,0.1145
SIFT,SIFT,13.7901,15.7012,1.9111
SIFT,SIFT,12.059,11.8513,0.207699999999999
SIFT,SIFT,11.8642,10.6221,1.2421
SIFT,SIFT,11.9682,10.3507,1.6175
SIFT,SIFT,9.88711,10.4935,0.606390000000001
SIFT,SIFT,9.42504,9.49149,0.066450000000002
SIFT,SIFT,9.30215,12.452,3.14985
SIFT,SIFT,8.3212,10.045,1.7238
SIFT,SIFT,8.89867,10.3007,1.40203
SIFT,SIFT,11.0301,8.40181,2.62829
SIFT,SIFT,8.53557,8.57991,0.04434
